Model	MNLI (Acc)	SST-2 (Acc)	PG-19 (PPL)	WMT (BLEU)	SQuAD (F1)	Memory (GB)	Throughput
Standard MHA	86.2	93.5	24.3	28.7	88.4	0.982269287109375	43.27834407739153
Longformer	85.7	92.8	23.8	27.9	87.6	9.1	58.0
BigBird	85.9	93.1	23.5	28.1	87.9	10.3	53.0
Reformer	84.3	91.7	25.6	26.4	85.2	7.8	62.0
Performer	85.1	92.4	24.9	27.3	86.7	8.5	67.0
MAHA (Ours)	86.0	93.3	23.1	28.5	88.2	2.461491107940674	20.482819012975607
